{
    "rmse": 394366.40051606833,
    "mae": 217045.453125,
    "r2": 0.6201430559158325
}